Payout period,Order ID,Order date,Order status,Cancelled by,Payment type,Item total,Packaging charges,Restaurant discounts,Swiggy One discount,Taxable value (net bill value),GST collected @5%,CGST @2.5%,SGST @2.5%,Total customer paid,Commission,Payment collection charges,Total Swiggy fees (incl. GST on fees),Complaint & cancellation charges,GST retained u/s 9(5),GST on Swiggy fees @18%,TCS,TDS u/s 194-O,Net payout for order,Swiggy One customer?,Last mile (km),Discount campaign ID,Order settlement date
01–05 Sep 2026,247219772159935,01-09-2026 13:39,delivered,,cash,610.00,0.00,0.00,0.00,610.00,30.50,15.25,15.25,640.50,153.72,12.81,196.51,0.00,30.50,29.98,0.00,0.61,412.88,Yes,1.448,206500dc-ba9e-4a58-be62-bb3f830ec1f3,09-09-2026
01–05 Sep 2026,247244498168136,01-09-2026 20:31,delivered,,prepaid,255.00,0.00,0.00,0.00,255.00,12.76,6.38,6.38,267.76,64.26,5.36,82.16,0.00,12.75,12.54,0.00,0.26,172.60,Yes,2.913,206500dc-ba9e-4a58-be62-bb3f830ec1f3,09-09-2026
01–05 Sep 2026,247332562171641,02-09-2026 20:59,delivered,,prepaid,330.00,0.00,0.00,0.00,330.00,16.50,8.25,8.25,346.50,83.16,6.93,106.31,0.00,16.50,16.22,0.00,0.33,223.36,Yes,3.495,206500dc-ba9e-4a58-be62-bb3f830ec1f3,09-09-2026
01–05 Sep 2026,247334675189405,02-09-2026 21:34,delivered,,cash,300.00,0.00,0.00,0.00,300.00,15.00,7.50,7.50,315.00,75.60,6.30,96.64,0.00,15.00,14.74,0.00,0.30,203.06,Yes,2.863,206500dc-ba9e-4a58-be62-bb3f830ec1f3,09-09-2026
01–05 Sep 2026,247387651166955,03-09-2026 12:17,delivered,,cash,585.00,0.00,0.00,0.00,585.00,29.26,14.63,14.63,614.26,147.42,12.28,188.44,0.00,29.25,28.74,0.00,0.58,395.96,Yes,3.770,711fc754-4304-4178-a84a-19e7d53c8509,09-09-2026
01–05 Sep 2026,247413244164815,03-09-2026 19:24,delivered,,prepaid,1080.00,0.00,0.00,0.00,1080.00,54.00,27.00,27.00,1134.00,272.16,22.68,347.92,0.00,54.00,53.08,0.00,1.08,731.02,Yes,4.168,206500dc-ba9e-4a58-be62-bb3f830ec1f3,09-09-2026
01–05 Sep 2026,247423058160259,03-09-2026 22:07,delivered,,prepaid,600.00,0.00,0.00,0.00,600.00,30.00,15.00,15.00,630.00,151.20,12.60,193.28,0.00,30.00,29.48,0.00,0.60,406.12,Yes,3.248,206500dc-ba9e-4a58-be62-bb3f830ec1f3,09-09-2026
01–05 Sep 2026,247467129161764,04-09-2026 10:22,delivered,,prepaid,1009.00,0.00,0.00,0.00,1009.00,50.46,25.23,25.23,1059.46,254.27,21.19,325.04,0.00,50.45,49.58,0.00,1.01,682.95,No,3.633,,09-09-2026
01–05 Sep 2026,247476603185070,04-09-2026 13:00,delivered,,prepaid,1109.00,0.00,0.00,0.00,1109.00,55.46,27.73,27.73,1164.46,279.47,23.29,357.26,0.00,55.45,54.50,0.00,1.11,750.63,Yes,2.785,206500dc-ba9e-4a58-be62-bb3f830ec1f3,09-09-2026
01–05 Sep 2026,247490997173409,04-09-2026 16:59,delivered,,prepaid,300.00,0.00,0.00,0.00,300.00,15.00,7.50,7.50,315.00,75.60,6.30,96.64,0.00,15.00,14.74,0.00,0.30,203.06,Yes,3.115,206500dc-ba9e-4a58-be62-bb3f830ec1f3,09-09-2026
01–05 Sep 2026,247500698178250,04-09-2026 19:41,delivered,,cash,255.00,0.00,0.00,0.00,255.00,12.76,6.38,6.38,267.76,64.26,5.36,82.16,0.00,12.75,12.54,0.00,0.26,172.60,Yes,2.900,206500dc-ba9e-4a58-be62-bb3f830ec1f3,09-09-2026
01–05 Sep 2026,247505941197546,04-09-2026 21:09,delivered,,prepaid,290.00,0.00,0.00,0.00,290.00,14.50,7.25,7.25,304.50,73.08,6.09,93.43,0.00,14.50,14.26,0.00,0.29,196.30,Yes,2.230,206500dc-ba9e-4a58-be62-bb3f830ec1f3,09-09-2026
01–05 Sep 2026,247562336174172,05-09-2026 12:48,delivered,,cash,660.00,0.00,0.00,0.00,660.00,33.00,16.50,16.50,693.00,166.32,13.86,212.62,0.00,33.00,32.44,0.00,0.66,446.74,Yes,3.371,206500dc-ba9e-4a58-be62-bb3f830ec1f3,09-09-2026
01–05 Sep 2026,247576408124202,05-09-2026 16:43,cancelled,SWIGGY,prepaid,590.00,0.00,0.00,0.00,590.00,29.50,14.75,14.75,619.50,118.94,9.91,152.05,123.90,23.60,23.20,0.00,0.47,319.49,No,10.708,,09-09-2026
01–05 Sep 2026,247582530147494,05-09-2026 18:25,delivered,,prepaid,720.00,0.00,0.00,0.00,720.00,36.00,18.00,18.00,756.00,181.44,15.12,231.94,0.00,36.00,35.38,0.00,0.72,487.34,No,2.525,,09-09-2026
01–05 Sep 2026,247583830189213,05-09-2026 18:47,delivered,,prepaid,290.00,0.00,0.00,0.00,290.00,14.50,7.25,7.25,304.50,73.08,6.09,93.43,0.00,14.50,14.26,0.00,0.29,196.30,Yes,3.716,206500dc-ba9e-4a58-be62-bb3f830ec1f3,09-09-2026
01–05 Sep 2026,247584158190137,05-09-2026 18:52,delivered,,prepaid,270.00,0.00,0.00,0.00,270.00,13.50,6.75,6.75,283.50,68.04,5.67,86.97,0.00,13.50,13.26,0.00,0.27,182.74,No,3.324,,09-09-2026
01–05 Sep 2026,247590276173308,05-09-2026 20:34,delivered,,prepaid,330.00,0.00,0.00,0.00,330.00,16.50,8.25,8.25,346.50,83.16,6.93,106.31,0.00,16.50,16.22,0.00,0.33,223.36,Yes,10.538,,09-09-2026
01–05 Sep 2026,247590423179878,05-09-2026 20:37,delivered,,prepaid,900.00,0.00,0.00,0.00,900.00,45.00,22.50,22.50,945.00,226.80,18.90,289.92,0.00,45.00,44.22,0.00,0.90,609.16,Yes,8.710,,09-09-2026
06–12 Sep 2026,247653274135811,06-09-2026 14:04,delivered,,prepaid,600.00,0.00,0.00,0.00,600.00,30.00,15.00,15.00,630.00,151.20,12.60,193.28,0.00,30.00,29.48,0.00,0.60,406.12,Yes,2.612,206500dc-ba9e-4a58-be62-bb3f830ec1f3,16-09-2026
06–12 Sep 2026,247668517120241,06-09-2026 18:18,delivered,,prepaid,670.00,0.00,0.00,0.00,670.00,33.50,16.75,16.75,703.50,168.84,14.07,215.83,0.00,33.50,32.92,0.00,0.67,453.50,Yes,2.900,206500dc-ba9e-4a58-be62-bb3f830ec1f3,16-09-2026
06–12 Sep 2026,247674582127158,06-09-2026 19:59,delivered,,prepaid,310.00,0.00,0.00,0.00,310.00,15.50,7.75,7.75,325.50,78.12,6.51,99.87,0.00,15.50,15.24,0.00,0.31,209.84,Yes,3.723,206500dc-ba9e-4a58-be62-bb3f830ec1f3,16-09-2026
06–12 Sep 2026,247683573170717,06-09-2026 22:29,delivered,,cash,565.00,0.00,0.00,0.00,565.00,28.26,14.13,14.13,593.26,142.38,11.86,182.00,0.00,28.25,27.76,0.00,0.57,382.43,Yes,5.161,206500dc-ba9e-4a58-be62-bb3f830ec1f3,16-09-2026
06–12 Sep 2026,247752547197193,07-09-2026 17:39,delivered,,prepaid,630.00,0.00,0.00,0.00,630.00,31.50,15.75,15.75,661.50,158.76,13.23,202.95,0.00,31.50,30.96,0.00,0.63,426.42,No,2.796,,16-09-2026
06–12 Sep 2026,247765465110530,07-09-2026 21:14,delivered,,cash,270.00,0.00,0.00,0.00,270.00,13.50,6.75,6.75,283.50,68.04,5.67,86.97,0.00,13.50,13.26,0.00,0.27,182.74,Yes,3.693,"711fc754-4304-4178-a84a-19e7d53c8509,e0ba8477-d320-4c5f-9502-12b02892e11b",16-09-2026
06–12 Sep 2026,247765875191830,07-09-2026 21:21,delivered,,prepaid,310.00,0.00,0.00,0.00,310.00,15.50,7.75,7.75,325.50,78.12,6.51,99.87,0.00,15.50,15.24,0.00,0.31,209.84,Yes,3.298,206500dc-ba9e-4a58-be62-bb3f830ec1f3,16-09-2026
06–12 Sep 2026,247767149191066,07-09-2026 21:42,delivered,,prepaid,370.00,0.00,0.00,0.00,370.00,18.50,9.25,9.25,388.50,93.24,7.77,119.19,0.00,18.50,18.18,0.00,0.37,250.44,Yes,3.048,206500dc-ba9e-4a58-be62-bb3f830ec1f3,16-09-2026
06–12 Sep 2026,247833210169323,08-09-2026 16:03,delivered,,prepaid,255.00,0.00,0.00,0.00,255.00,12.76,6.38,6.38,267.76,64.26,5.36,82.16,0.00,12.75,12.54,0.00,0.26,172.60,Yes,3.598,206500dc-ba9e-4a58-be62-bb3f830ec1f3,16-09-2026
06–12 Sep 2026,247838264152884,08-09-2026 17:27,delivered,,prepaid,270.00,0.00,0.00,0.00,270.00,13.50,6.75,6.75,283.50,68.04,5.67,86.97,0.00,13.50,13.26,0.00,0.27,182.74,Yes,5.225,206500dc-ba9e-4a58-be62-bb3f830ec1f3,16-09-2026
06–12 Sep 2026,247852755180183,08-09-2026 21:29,delivered,,prepaid,300.00,0.00,0.00,0.00,300.00,15.00,7.50,7.50,315.00,75.60,6.30,96.64,0.00,15.00,14.74,0.00,0.30,203.06,Yes,3.112,206500dc-ba9e-4a58-be62-bb3f830ec1f3,16-09-2026
06–12 Sep 2026,247935737106454,09-09-2026 20:32,delivered,,prepaid,340.00,0.00,0.00,0.00,340.00,17.00,8.50,8.50,357.00,85.68,7.14,109.52,0.00,17.00,16.70,0.00,0.34,230.12,Yes,3.021,206500dc-ba9e-4a58-be62-bb3f830ec1f3,16-09-2026
06–12 Sep 2026,247939369143332,09-09-2026 21:32,delivered,,prepaid,300.00,0.00,0.00,0.00,300.00,15.00,7.50,7.50,315.00,75.60,6.30,96.64,0.00,15.00,14.74,0.00,0.30,203.06,No,3.223,,16-09-2026
06–12 Sep 2026,248020089132332,10-09-2026 19:58,delivered,,prepaid,340.00,0.00,0.00,0.00,340.00,17.00,8.50,8.50,357.00,85.68,7.14,109.52,0.00,17.00,16.70,0.00,0.34,230.12,Yes,5.152,206500dc-ba9e-4a58-be62-bb3f830ec1f3,16-09-2026
06–12 Sep 2026,248021228170759,10-09-2026 20:17,delivered,,prepaid,670.00,0.00,0.00,0.00,670.00,33.50,16.75,16.75,703.50,168.84,14.07,215.83,0.00,33.50,32.92,0.00,0.67,453.50,Yes,4.623,206500dc-ba9e-4a58-be62-bb3f830ec1f3,16-09-2026
06–12 Sep 2026,248027102135656,10-09-2026 21:55,delivered,,cash,300.00,0.00,0.00,0.00,300.00,15.00,7.50,7.50,315.00,75.60,6.30,96.64,0.00,15.00,14.74,0.00,0.30,203.06,Yes,3.152,711fc754-4304-4178-a84a-19e7d53c8509,16-09-2026
06–12 Sep 2026,248091242191535,11-09-2026 15:44,delivered,,prepaid,330.00,0.00,0.00,0.00,330.00,16.50,8.25,8.25,346.50,83.16,6.93,106.31,0.00,16.50,16.22,0.00,0.33,223.36,Yes,2.633,206500dc-ba9e-4a58-be62-bb3f830ec1f3,16-09-2026
06–12 Sep 2026,248091472147055,11-09-2026 15:47,delivered,,prepaid,640.00,0.00,0.00,0.00,640.00,32.00,16.00,16.00,672.00,161.28,13.44,206.16,0.00,32.00,31.44,0.00,0.64,433.18,Yes,5.653,"711fc754-4304-4178-a84a-19e7d53c8509,1008e80a-c868-4bc2-ae7e-475b213be11d",16-09-2026
06–12 Sep 2026,248109499150589,11-09-2026 20:48,delivered,,cash,1050.00,0.00,0.00,0.00,1050.00,52.50,26.25,26.25,1102.50,264.60,22.05,338.25,0.00,52.50,51.60,0.00,1.05,710.70,Yes,1.448,711fc754-4304-4178-a84a-19e7d53c8509,16-09-2026
06–12 Sep 2026,248184520120825,12-09-2026 17:38,delivered,,prepaid,670.00,0.00,0.00,0.00,670.00,33.50,16.75,16.75,703.50,168.84,14.07,215.83,0.00,33.50,32.92,0.00,0.67,453.50,Yes,9.361,,16-09-2026
06–12 Sep 2026,248196767175780,12-09-2026 21:02,delivered,,cash,330.00,0.00,0.00,0.00,330.00,16.50,8.25,8.25,346.50,83.16,6.93,106.31,0.00,16.50,16.22,0.00,0.33,223.36,No,4.679,"106d98e4-6109-46c6-9831-9d8f910e0895,2c09b840-ea85-4350-bba1-9b9417b36559",16-09-2026
06–12 Sep 2026,248196819172071,12-09-2026 21:03,delivered,,prepaid,675.00,0.00,0.00,0.00,675.00,33.76,16.88,16.88,708.76,170.10,14.18,217.46,0.00,33.75,33.18,0.00,0.68,456.88,Yes,2.747,206500dc-ba9e-4a58-be62-bb3f830ec1f3,16-09-2026
06–12 Sep 2026,248197785173622,12-09-2026 21:19,delivered,,prepaid,670.00,0.00,0.00,0.00,670.00,33.50,16.75,16.75,703.50,168.84,14.07,215.83,0.00,33.50,32.92,0.00,0.67,453.50,Yes,3.077,206500dc-ba9e-4a58-be62-bb3f830ec1f3,16-09-2026
06–12 Sep 2026,248200181104846,12-09-2026 21:59,delivered,,prepaid,580.00,0.00,0.00,0.00,580.00,29.00,14.50,14.50,609.00,146.16,12.18,186.84,0.00,29.00,28.50,0.00,0.58,392.58,Yes,2.230,206500dc-ba9e-4a58-be62-bb3f830ec1f3,16-09-2026
06–12 Sep 2026,248201907107833,12-09-2026 22:28,cancelled,MERCHANT,cash,0.00,0.00,0.00,0.00,0.00,0.00,0.00,0.00,0.00,0.00,0.00,97.36,0.00,0.00,14.86,0.00,0.00,-97.35,No,3.324,,16-09-2026
13–19 Sep 2026,248260178142219,13-09-2026 14:39,delivered,,cash,1340.00,0.00,0.00,0.00,1340.00,67.00,33.50,33.50,1407.00,337.68,28.14,431.66,0.00,67.00,65.84,0.00,1.34,906.98,Yes,2.406,"31ab0344-a29a-4332-83ca-1387a08d14c2,206500dc-ba9e-4a58-be62-bb3f830ec1f3,6a786e38-7a35-48c2-a9d0-61865306c7c0",23-09-2026
13–19 Sep 2026,248262656134014,13-09-2026 15:20,delivered,,prepaid,290.00,0.00,0.00,0.00,290.00,14.50,7.25,7.25,304.50,73.08,6.09,93.43,0.00,14.50,14.26,0.00,0.29,196.30,Yes,2.898,206500dc-ba9e-4a58-be62-bb3f830ec1f3,23-09-2026
13–19 Sep 2026,248263303100870,13-09-2026 15:31,delivered,,prepaid,660.00,0.00,0.00,0.00,660.00,33.00,16.50,16.50,693.00,166.32,13.86,212.62,0.00,33.00,32.44,0.00,0.66,446.74,Yes,2.230,206500dc-ba9e-4a58-be62-bb3f830ec1f3,23-09-2026
13–19 Sep 2026,248268799159884,13-09-2026 17:03,delivered,,cash,640.00,0.00,0.00,0.00,640.00,32.00,16.00,16.00,672.00,161.28,13.44,206.16,0.00,32.00,31.44,0.00,0.64,433.18,No,3.325,"ec201aae-70e3-45a9-9f12-219748a181ff,2c09b840-ea85-4350-bba1-9b9417b36559",23-09-2026
13–19 Sep 2026,248280969151114,13-09-2026 20:26,delivered,,prepaid,590.00,0.00,0.00,0.00,590.00,29.50,14.75,14.75,619.50,148.68,12.39,190.07,0.00,29.50,29.00,0.00,0.59,399.36,Yes,1.448,711fc754-4304-4178-a84a-19e7d53c8509,23-09-2026
13–19 Sep 2026,248356394197101,14-09-2026 17:23,delivered,,prepaid,330.00,0.00,0.00,0.00,330.00,16.50,8.25,8.25,346.50,83.16,6.93,106.31,0.00,16.50,16.22,0.00,0.33,223.36,Yes,3.212,"711fc754-4304-4178-a84a-19e7d53c8509,dfdf87d9-a17f-43ca-a467-6cda96436e33",23-09-2026
13–19 Sep 2026,248445403194190,15-09-2026 18:06,delivered,,prepaid,330.00,0.00,0.00,0.00,330.00,16.50,8.25,8.25,346.50,83.16,6.93,106.31,0.00,16.50,16.22,0.00,0.33,223.36,Yes,3.112,206500dc-ba9e-4a58-be62-bb3f830ec1f3,23-09-2026
13–19 Sep 2026,248518186136241,16-09-2026 14:19,delivered,,cash,660.00,0.00,0.00,0.00,660.00,33.00,16.50,16.50,693.00,166.32,13.86,212.62,0.00,33.00,32.44,0.00,0.66,446.74,Yes,2.289,206500dc-ba9e-4a58-be62-bb3f830ec1f3,23-09-2026
13–19 Sep 2026,248525259151529,16-09-2026 16:17,delivered,,cash,555.00,0.00,0.00,0.00,555.00,27.76,13.88,13.88,582.76,139.86,11.66,178.80,0.00,27.75,27.28,0.00,0.56,375.66,Yes,2.289,206500dc-ba9e-4a58-be62-bb3f830ec1f3,23-09-2026
13–19 Sep 2026,248526510193508,16-09-2026 16:38,delivered,,cash,660.00,0.00,0.00,0.00,660.00,33.00,16.50,16.50,693.00,166.32,13.86,212.62,0.00,33.00,32.44,0.00,0.66,446.74,Yes,3.170,206500dc-ba9e-4a58-be62-bb3f830ec1f3,23-09-2026
13–19 Sep 2026,248538163189592,16-09-2026 19:52,delivered,,cash,430.00,0.00,0.00,0.00,430.00,21.50,10.75,10.75,451.50,108.36,9.03,138.53,0.00,21.50,21.14,0.00,0.43,291.06,Yes,3.086,206500dc-ba9e-4a58-be62-bb3f830ec1f3,23-09-2026
13–19 Sep 2026,248629650186468,17-09-2026 21:17,delivered,,prepaid,310.00,0.00,0.00,0.00,310.00,15.50,7.75,7.75,325.50,78.12,6.51,99.87,0.00,15.50,15.24,0.00,0.31,209.84,Yes,8.871,649f9d31-786e-4b1e-ac72-91e4483b8bac,23-09-2026
13–19 Sep 2026,248681770129849,18-09-2026 11:46,delivered,,prepaid,290.00,0.00,0.00,0.00,290.00,14.50,7.25,7.25,304.50,73.08,6.09,93.43,0.00,14.50,14.26,0.00,0.29,196.30,No,9.049,,23-09-2026
13–19 Sep 2026,248684221124498,18-09-2026 12:27,delivered,,prepaid,640.00,0.00,0.00,0.00,640.00,32.00,16.00,16.00,672.00,161.28,13.44,206.16,0.00,32.00,31.44,0.00,0.64,433.18,Yes,3.516,206500dc-ba9e-4a58-be62-bb3f830ec1f3,23-09-2026
13–19 Sep 2026,248698648181774,18-09-2026 16:27,delivered,,prepaid,430.00,0.00,0.00,0.00,430.00,21.50,10.75,10.75,451.50,108.36,9.03,138.53,0.00,21.50,21.14,0.00,0.43,291.06,No,8.978,,23-09-2026
13–19 Sep 2026,248715391192676,18-09-2026 21:06,delivered,,prepaid,630.00,0.00,0.00,0.00,630.00,31.50,15.75,15.75,661.50,158.76,13.23,202.95,0.00,31.50,30.96,0.00,0.63,426.42,Yes,2.113,206500dc-ba9e-4a58-be62-bb3f830ec1f3,23-09-2026
13–19 Sep 2026,248717469111214,18-09-2026 21:41,delivered,,prepaid,290.00,0.00,0.00,0.00,290.00,14.50,7.25,7.25,304.50,73.08,6.09,93.43,0.00,14.50,14.26,0.00,0.29,196.30,Yes,2.695,"206500dc-ba9e-4a58-be62-bb3f830ec1f3,2fc715cc-a21a-4196-96a8-14e02663a803",23-09-2026
13–19 Sep 2026,248717658101051,18-09-2026 21:44,delivered,,cash,890.00,0.00,0.00,0.00,890.00,44.50,22.25,22.25,934.50,224.28,18.69,286.71,0.00,44.50,43.74,0.00,0.89,602.42,No,2.613,,23-09-2026
13–19 Sep 2026,248718244158516,18-09-2026 21:54,delivered,,prepaid,290.00,0.00,0.00,0.00,290.00,14.50,7.25,7.25,304.50,73.08,6.09,93.43,0.00,14.50,14.26,0.00,0.29,196.30,Yes,5.342,206500dc-ba9e-4a58-be62-bb3f830ec1f3,23-09-2026
13–19 Sep 2026,248773805195420,19-09-2026 13:20,cancelled,MERCHANT,prepaid,0.00,0.00,0.00,0.00,0.00,0.00,0.00,0.00,0.00,0.00,0.00,297.65,0.00,0.00,45.40,0.00,0.00,-297.65,Yes,2.946,"711fc754-4304-4178-a84a-19e7d53c8509,719c0a05-66b6-4c2c-b350-bb95726dea2b",23-09-2026
13–19 Sep 2026,248776341134179,19-09-2026 14:02,delivered,,prepaid,330.00,0.00,0.00,0.00,330.00,16.50,8.25,8.25,346.50,83.16,6.93,106.31,0.00,16.50,16.22,0.00,0.33,223.36,Yes,5.437,206500dc-ba9e-4a58-be62-bb3f830ec1f3,23-09-2026
13–19 Sep 2026,248797791123341,19-09-2026 19:59,delivered,,prepaid,585.00,0.00,0.00,0.00,585.00,29.26,14.63,14.63,614.26,147.42,12.28,188.44,0.00,29.25,28.74,0.00,0.58,395.96,No,3.532,c71a3578-e651-47e7-85e4-d127ba3713c7,23-09-2026
13–19 Sep 2026,248801525170229,19-09-2026 21:02,delivered,,prepaid,625.00,0.00,0.00,0.00,625.00,31.26,15.63,15.63,656.26,157.50,13.12,201.34,0.00,31.25,30.72,0.00,0.62,423.05,Yes,3.037,206500dc-ba9e-4a58-be62-bb3f830ec1f3,23-09-2026
13–19 Sep 2026,248802229189963,19-09-2026 21:13,delivered,,prepaid,750.00,0.00,0.00,0.00,750.00,37.50,18.75,18.75,787.50,189.00,15.75,241.61,0.00,37.50,36.86,0.00,0.75,507.65,No,8.585,,23-09-2026
20–26 Sep 2026,248888271168778,20-09-2026 21:07,delivered,,cash,330.00,0.00,0.00,0.00,330.00,16.50,8.25,8.25,346.50,83.16,6.93,106.31,0.00,16.50,16.22,0.00,0.33,223.36,Yes,3.159,206500dc-ba9e-4a58-be62-bb3f830ec1f3,01-10-2026
20–26 Sep 2026,248892001168783,20-09-2026 22:10,delivered,,cash,330.00,0.00,0.00,0.00,330.00,16.50,8.25,8.25,346.50,83.16,6.93,106.31,0.00,16.50,16.22,0.00,0.33,223.36,Yes,3.042,"711fc754-4304-4178-a84a-19e7d53c8509,08038453-75b9-447d-9000-179a92203388",01-10-2026
20–26 Sep 2026,249058005161777,22-09-2026 20:16,delivered,,cash,920.00,0.00,0.00,0.00,920.00,46.00,23.00,23.00,966.00,231.84,19.32,296.36,0.00,46.00,45.20,0.00,0.92,622.70,No,2.895,,01-10-2026
20–26 Sep 2026,249062054177669,22-09-2026 21:24,delivered,,prepaid,913.33,0.00,0.00,0.00,913.33,45.66,22.83,22.83,958.99,230.16,19.18,294.22,0.00,45.67,44.88,0.00,0.91,618.20,Yes,2.179,206500dc-ba9e-4a58-be62-bb3f830ec1f3,01-10-2026
20–26 Sep 2026,249120699174544,23-09-2026 13:41,delivered,,prepaid,330.00,0.00,0.00,0.00,330.00,16.50,8.25,8.25,346.50,83.16,6.93,106.31,0.00,16.50,16.22,0.00,0.33,223.36,Yes,3.459,206500dc-ba9e-4a58-be62-bb3f830ec1f3,01-10-2026
20–26 Sep 2026,249222397172014,24-09-2026 17:56,delivered,,prepaid,300.00,0.00,0.00,0.00,300.00,15.00,7.50,7.50,315.00,75.60,6.30,96.64,0.00,15.00,14.74,0.00,0.30,203.06,No,0.577,,01-10-2026
20–26 Sep 2026,249233165144025,24-09-2026 20:56,delivered,,prepaid,420.00,0.00,0.00,0.00,420.00,21.00,10.50,10.50,441.00,105.84,8.82,135.30,0.00,21.00,20.64,0.00,0.42,284.28,Yes,2.230,206500dc-ba9e-4a58-be62-bb3f830ec1f3,01-10-2026
20–26 Sep 2026,249407685169966,26-09-2026 21:24,delivered,,prepaid,545.00,0.00,0.00,0.00,545.00,27.26,13.63,13.63,572.26,137.34,11.44,175.56,0.00,27.25,26.78,0.00,0.55,368.89,Yes,3.983,206500dc-ba9e-4a58-be62-bb3f830ec1f3,01-10-2026
20–26 Sep 2026,249409054179105,26-09-2026 21:47,delivered,,prepaid,255.00,0.00,0.00,0.00,255.00,12.76,6.38,6.38,267.76,64.26,5.36,82.16,0.00,12.75,12.54,0.00,0.26,172.60,Yes,3.554,206500dc-ba9e-4a58-be62-bb3f830ec1f3,01-10-2026
20–26 Sep 2026,249410761124158,26-09-2026 22:16,delivered,,prepaid,300.00,0.00,0.00,0.00,300.00,15.00,7.50,7.50,315.00,75.60,6.30,96.64,0.00,15.00,14.74,0.00,0.30,203.06,No,7.150,bf310b6b-365c-4648-a81e-5929eed1c8dd,01-10-2026
27–30 Sep 2026,249464790154167,27-09-2026 13:16,delivered,,cash,340.00,0.00,0.00,0.00,340.00,17.00,8.50,8.50,357.00,85.68,7.14,109.52,0.00,17.00,16.70,0.00,0.34,230.12,Yes,4.916,206500dc-ba9e-4a58-be62-bb3f830ec1f3,03-10-2026
27–30 Sep 2026,249487817138971,27-09-2026 19:40,delivered,,cash,290.00,0.00,0.00,0.00,290.00,14.50,7.25,7.25,304.50,73.08,6.09,93.43,0.00,14.50,14.26,0.00,0.29,196.30,No,2.760,bf310b6b-365c-4648-a81e-5929eed1c8dd,03-10-2026
27–30 Sep 2026,249489781191429,27-09-2026 20:13,delivered,,prepaid,330.00,0.00,0.00,0.00,330.00,16.50,8.25,8.25,346.50,83.16,6.93,106.31,0.00,16.50,16.22,0.00,0.33,223.36,Yes,4.961,206500dc-ba9e-4a58-be62-bb3f830ec1f3,03-10-2026
27–30 Sep 2026,249491279132686,27-09-2026 20:37,delivered,,prepaid,300.00,0.00,0.00,0.00,300.00,15.00,7.50,7.50,315.00,75.60,6.30,96.64,0.00,15.00,14.74,0.00,0.30,203.06,Yes,2.408,206500dc-ba9e-4a58-be62-bb3f830ec1f3,03-10-2026
27–30 Sep 2026,249493538132133,27-09-2026 21:15,delivered,,prepaid,330.00,0.00,0.00,0.00,330.00,16.50,8.25,8.25,346.50,83.16,6.93,106.31,0.00,16.50,16.22,0.00,0.33,223.36,No,2.428,,03-10-2026
27–30 Sep 2026,249553401101522,28-09-2026 13:53,delivered,,cash,300.00,0.00,0.00,0.00,300.00,15.00,7.50,7.50,315.00,75.60,6.30,96.64,0.00,15.00,14.74,0.00,0.30,203.06,Yes,1.435,206500dc-ba9e-4a58-be62-bb3f830ec1f3,03-10-2026
27–30 Sep 2026,249566142136874,28-09-2026 17:25,delivered,,prepaid,620.00,0.00,0.00,0.00,620.00,31.00,15.50,15.50,651.00,156.24,13.02,199.72,0.00,31.00,30.46,0.00,0.62,419.64,Yes,0.674,206500dc-ba9e-4a58-be62-bb3f830ec1f3,03-10-2026
27–30 Sep 2026,249583865121752,28-09-2026 22:21,delivered,,prepaid,920.00,0.00,0.00,0.00,920.00,46.00,23.00,23.00,966.00,231.84,19.32,296.36,0.00,46.00,45.20,0.00,0.92,622.70,Yes,4.936,2f02db3c-3444-482e-aa26-47a7bdcf8049,03-10-2026
27–30 Sep 2026,249665438170534,29-09-2026 21:00,delivered,,cash,300.00,0.00,0.00,0.00,300.00,15.00,7.50,7.50,315.00,75.60,6.30,96.64,0.00,15.00,14.74,0.00,0.30,203.06,Yes,2.689,206500dc-ba9e-4a58-be62-bb3f830ec1f3,03-10-2026
27–30 Sep 2026,249667322145978,29-09-2026 21:32,delivered,,cash,660.00,0.00,0.00,0.00,660.00,33.00,16.50,16.50,693.00,166.32,13.86,212.62,0.00,33.00,32.44,0.00,0.66,446.74,Yes,5.067,,03-10-2026
27–30 Sep 2026,249729665192217,30-09-2026 14:51,delivered,,cash,290.00,0.00,0.00,0.00,290.00,14.50,7.25,7.25,304.50,73.08,6.09,93.43,0.00,14.50,14.26,0.00,0.29,196.30,Yes,1.409,206500dc-ba9e-4a58-be62-bb3f830ec1f3,03-10-2026
27–30 Sep 2026,249733078119585,30-09-2026 15:47,delivered,,prepaid,300.00,0.00,0.00,0.00,300.00,15.00,7.50,7.50,315.00,75.60,6.30,96.64,0.00,15.00,14.74,0.00,0.30,203.06,Yes,2.230,206500dc-ba9e-4a58-be62-bb3f830ec1f3,03-10-2026
27–30 Sep 2026,249733887141161,30-09-2026 16:01,delivered,,cash,300.00,0.00,0.00,0.00,300.00,15.00,7.50,7.50,315.00,75.60,6.30,96.64,0.00,15.00,14.74,0.00,0.30,203.06,Yes,3.681,"edbc9b38-4d6a-4463-b2a6-fc6581c93d81,206500dc-ba9e-4a58-be62-bb3f830ec1f3",03-10-2026
27–30 Sep 2026,249744551185853,30-09-2026 18:59,delivered,,prepaid,300.00,0.00,0.00,0.00,300.00,15.00,7.50,7.50,315.00,75.60,6.30,96.64,0.00,15.00,14.74,0.00,0.30,203.06,Yes,2.474,206500dc-ba9e-4a58-be62-bb3f830ec1f3,03-10-2026
27–30 Sep 2026,249752189162624,30-09-2026 21:06,delivered,,prepaid,920.00,0.00,0.00,0.00,920.00,46.00,23.00,23.00,966.00,231.84,19.32,296.36,0.00,46.00,45.20,0.00,0.92,622.70,Yes,0.208,206500dc-ba9e-4a58-be62-bb3f830ec1f3,03-10-2026
27–30 Sep 2026,249755730173167,30-09-2026 22:05,delivered,,cash,330.00,0.00,0.00,0.00,330.00,16.50,8.25,8.25,346.50,83.16,6.93,106.31,0.00,16.50,16.22,0.00,0.33,223.36,Yes,3.089,206500dc-ba9e-4a58-be62-bb3f830ec1f3,03-10-2026
27–30 Sep 2026,249755918119523,30-09-2026 22:08,delivered,,prepaid,290.00,0.00,0.00,0.00,290.00,14.50,7.25,7.25,304.50,73.08,6.09,93.43,0.00,14.50,14.26,0.00,0.29,196.30,Yes,7.389,,03-10-2026
