Payout period,Order ID,Order date,Order status,Cancelled by,Payment type,Item total,Packaging charges,Restaurant discounts,Swiggy One discount,Taxable value (net bill value),GST collected @5%,GST-reportable value (after cancellation adjustment),GST @5% on reportable value,Compensated cancellation?,CGST @2.5%,SGST @2.5%,Total customer paid,Commission,Payment collection charges,Total Swiggy fees (incl. GST on fees),Complaint & cancellation charges,GST retained u/s 9(5),GST on Swiggy fees @18%,TCS,TDS u/s 194-O,Net payout for order,Swiggy One customer?,Last mile (km),Discount campaign ID,Order settlement date
01 – 05 Sep,247216193144945,01-09-2026 12:39,delivered,,prepaid,330.00,0.00,0.00,0.00,330.00,16.50,330.00,16.50,No,8.25,8.25,346.50,77.96,5.20,98.12,0.00,16.50,14.96,0.00,0.33,231.53,Yes,0.682,206500dc-ba9e-4a58-be62-bb3f830ec1f3,09-09-2026
01 – 05 Sep,247222419111126,01-09-2026 14:23,delivered,,prepaid,300.00,0.00,0.00,0.00,300.00,15.00,300.00,15.00,No,7.50,7.50,315.00,70.88,4.73,89.21,0.00,15.00,13.60,0.00,0.30,210.47,Yes,6.478,206500dc-ba9e-4a58-be62-bb3f830ec1f3,09-09-2026
01 – 05 Sep,247253893193066,01-09-2026 23:08,delivered,,prepaid,310.00,0.00,0.00,0.00,310.00,15.50,310.00,15.50,No,7.75,7.75,325.50,73.24,4.88,92.18,0.00,15.50,14.06,0.00,0.31,217.51,Yes,7.603,,09-09-2026
01 – 05 Sep,247307473185369,02-09-2026 14:01,delivered,,prepaid,310.00,0.00,0.00,0.00,310.00,15.50,310.00,15.50,No,7.75,7.75,325.50,73.24,4.88,92.18,0.00,15.50,14.06,0.00,0.31,217.51,Yes,2.169,711fc754-4304-4178-a84a-19e7d53c8509,09-09-2026
01 – 05 Sep,247335455176614,02-09-2026 21:47,delivered,,cash,900.00,0.00,0.00,0.00,900.00,45.00,900.00,45.00,No,22.50,22.50,945.00,212.63,14.18,267.63,0.00,45.00,40.82,0.00,0.90,631.45,Yes,7.681,,09-09-2026
01 – 05 Sep,247389663176810,03-09-2026 12:51,delivered,,prepaid,660.00,0.00,0.00,0.00,660.00,33.00,660.00,33.00,No,16.50,16.50,693.00,155.93,10.40,196.27,0.00,33.00,29.94,0.00,0.66,463.07,Yes,3.133,206500dc-ba9e-4a58-be62-bb3f830ec1f3,09-09-2026
01 – 05 Sep,247419364193689,03-09-2026 21:06,delivered,,cash,680.00,0.00,0.00,0.00,680.00,34.00,680.00,34.00,No,17.00,17.00,714.00,160.65,10.71,202.20,0.00,34.00,30.84,0.00,0.68,477.12,Yes,3.049,"711fc754-4304-4178-a84a-19e7d53c8509,e9917568-072a-4aff-987a-3cdb24d95168",09-09-2026
01 – 05 Sep,247421946157416,03-09-2026 21:49,delivered,,cash,330.00,0.00,0.00,0.00,330.00,16.50,330.00,16.50,No,8.25,8.25,346.50,77.96,5.20,98.12,0.00,16.50,14.96,0.00,0.33,231.53,Yes,2.081,"711fc754-4304-4178-a84a-19e7d53c8509,e9917568-072a-4aff-987a-3cdb24d95168",09-09-2026
01 – 05 Sep,247425653160272,03-09-2026 22:50,delivered,,cash,290.00,0.00,0.00,0.00,290.00,14.50,290.00,14.50,No,7.25,7.25,304.50,68.51,4.57,86.24,0.00,14.50,13.16,0.00,0.29,203.49,Yes,6.479,206500dc-ba9e-4a58-be62-bb3f830ec1f3,09-09-2026
01 – 05 Sep,247492500101567,04-09-2026 17:25,delivered,,cash,420.00,0.00,0.00,0.00,420.00,21.00,420.00,21.00,No,10.50,10.50,441.00,99.23,6.62,124.91,0.00,21.00,19.06,0.00,0.42,294.69,Yes,5.453,206500dc-ba9e-4a58-be62-bb3f830ec1f3,09-09-2026
01 – 05 Sep,247503691182656,04-09-2026 20:31,delivered,,prepaid,648.00,0.00,0.00,0.00,648.00,32.40,648.00,32.40,No,16.20,16.20,680.40,122.47,0.00,144.51,0.00,32.40,22.04,0.00,0.65,502.84,No,4.550,,09-09-2026
01 – 05 Sep,247511749186931,04-09-2026 22:45,delivered,,prepaid,580.00,0.00,0.00,0.00,580.00,29.00,580.00,29.00,No,14.50,14.50,609.00,137.03,9.14,172.49,0.00,29.00,26.32,0.00,0.58,406.95,No,7.597,,09-09-2026
01 – 05 Sep,247512114134112,04-09-2026 22:51,delivered,,cash,330.00,0.00,0.00,0.00,330.00,16.50,330.00,16.50,No,8.25,8.25,346.50,77.96,5.20,98.12,0.00,16.50,14.96,0.00,0.33,231.53,Yes,7.301,,09-09-2026
01 – 05 Sep,247568798169987,05-09-2026 14:36,delivered,,prepaid,290.00,0.00,0.00,0.00,290.00,14.50,290.00,14.50,No,7.25,7.25,304.50,68.51,4.57,86.24,0.00,14.50,13.16,0.00,0.29,203.49,Yes,1.944,206500dc-ba9e-4a58-be62-bb3f830ec1f3,09-09-2026
01 – 05 Sep,247575850186295,05-09-2026 16:34,delivered,,prepaid,670.00,0.00,0.00,0.00,670.00,33.50,670.00,33.50,No,16.75,16.75,703.50,158.29,10.55,199.24,0.00,33.50,30.40,0.00,0.67,470.11,Yes,2.405,206500dc-ba9e-4a58-be62-bb3f830ec1f3,09-09-2026
01 – 05 Sep,247587257158056,05-09-2026 19:44,delivered,,prepaid,590.00,0.00,0.00,0.00,590.00,29.50,590.00,29.50,No,14.75,14.75,619.50,139.39,9.29,175.44,0.00,29.50,26.76,0.00,0.59,413.97,Yes,2.788,206500dc-ba9e-4a58-be62-bb3f830ec1f3,09-09-2026
01 – 05 Sep,247589996198125,05-09-2026 20:29,delivered,,cash,750.00,0.00,0.00,0.00,750.00,37.50,750.00,37.50,No,18.75,18.75,787.50,177.19,11.81,223.02,0.00,37.50,34.02,0.00,0.75,526.23,No,3.350,,09-09-2026
01 – 05 Sep,247593630146135,05-09-2026 21:30,delivered,,prepaid,330.00,0.00,0.00,0.00,330.00,16.50,330.00,16.50,No,8.25,8.25,346.50,77.96,5.20,98.12,0.00,16.50,14.96,0.00,0.33,231.53,Yes,6.248,"206500dc-ba9e-4a58-be62-bb3f830ec1f3,959c51e0-7735-48d9-b9b0-bb913d5055f0",09-09-2026
01 – 05 Sep,247601082166305,05-09-2026 23:34,delivered,,prepaid,290.00,0.00,0.00,0.00,290.00,14.50,290.00,14.50,No,7.25,7.25,304.50,68.51,4.57,86.24,0.00,14.50,13.16,0.00,0.29,203.49,Yes,1.254,206500dc-ba9e-4a58-be62-bb3f830ec1f3,09-09-2026
06 – 12 Sep,247659388130077,06-09-2026 15:46,delivered,,prepaid,290.00,0.00,0.00,0.00,290.00,14.50,290.00,14.50,No,7.25,7.25,304.50,68.51,4.57,86.24,0.00,14.50,13.16,0.00,0.29,203.49,Yes,6.225,206500dc-ba9e-4a58-be62-bb3f830ec1f3,16-09-2026
06 – 12 Sep,247670262146343,06-09-2026 18:47,delivered,,cash,555.00,0.00,0.00,0.00,555.00,27.76,555.00,27.75,No,13.88,13.87,582.76,131.12,8.74,165.04,0.00,27.75,25.18,0.00,0.56,389.42,Yes,5.442,"711fc754-4304-4178-a84a-19e7d53c8509,5a8cfce4-39c3-4af9-9d34-56148b6c7745",16-09-2026
06 – 12 Sep,247677912189218,06-09-2026 20:55,delivered,,prepaid,800.00,0.00,0.00,0.00,800.00,40.00,800.00,40.00,No,20.00,20.00,840.00,189.00,12.60,237.88,0.00,40.00,36.28,0.00,0.80,561.30,Yes,3.039,"d73c48b5-6f58-4823-a85c-37bfae3cc858,206500dc-ba9e-4a58-be62-bb3f830ec1f3",16-09-2026
06 – 12 Sep,247680999190396,06-09-2026 21:46,delivered,,cash,330.00,0.00,0.00,0.00,330.00,16.50,330.00,16.50,No,8.25,8.25,346.50,77.96,5.20,98.12,0.00,16.50,14.96,0.00,0.33,231.53,Yes,4.196,206500dc-ba9e-4a58-be62-bb3f830ec1f3,16-09-2026
06 – 12 Sep,247683203140864,06-09-2026 22:23,delivered,,prepaid,310.00,0.00,0.00,0.00,310.00,15.50,310.00,15.50,No,7.75,7.75,325.50,73.24,4.88,92.18,0.00,15.50,14.06,0.00,0.31,217.51,Yes,7.230,,16-09-2026
06 – 12 Sep,247684179199414,06-09-2026 22:39,delivered,,prepaid,255.00,0.00,0.00,0.00,255.00,12.76,255.00,12.75,No,6.38,6.37,267.76,60.25,4.02,75.83,0.00,12.75,11.56,0.00,0.26,178.90,Yes,3.447,711fc754-4304-4178-a84a-19e7d53c8509,16-09-2026
06 – 12 Sep,247769732169930,07-09-2026 22:25,delivered,,prepaid,310.00,0.00,0.00,0.00,310.00,15.50,310.00,15.50,No,7.75,7.75,325.50,73.24,4.88,92.18,0.00,15.50,14.06,0.00,0.31,217.51,Yes,1.167,206500dc-ba9e-4a58-be62-bb3f830ec1f3,16-09-2026
06 – 12 Sep,247828236195211,08-09-2026 14:40,delivered,,prepaid,330.00,0.00,0.00,0.00,330.00,16.50,330.00,16.50,No,8.25,8.25,346.50,77.96,5.20,98.12,0.00,16.50,14.96,0.00,0.33,231.53,Yes,3.692,206500dc-ba9e-4a58-be62-bb3f830ec1f3,16-09-2026
06 – 12 Sep,247832763145394,08-09-2026 15:56,delivered,,prepaid,255.00,0.00,0.00,0.00,255.00,12.76,255.00,12.75,No,6.38,6.37,267.76,60.25,4.02,75.83,0.00,12.75,11.56,0.00,0.26,178.90,Yes,4.681,206500dc-ba9e-4a58-be62-bb3f830ec1f3,16-09-2026
06 – 12 Sep,247847029181135,08-09-2026 19:53,delivered,,prepaid,300.00,0.00,0.00,0.00,300.00,15.00,300.00,15.00,No,7.50,7.50,315.00,70.88,4.73,89.21,0.00,15.00,13.60,0.00,0.30,210.47,Yes,2.898,206500dc-ba9e-4a58-be62-bb3f830ec1f3,16-09-2026
06 – 12 Sep,247861710172959,08-09-2026 23:58,delivered,,prepaid,290.00,0.00,0.00,0.00,290.00,14.50,290.00,14.50,No,7.25,7.25,304.50,68.51,4.57,86.24,0.00,14.50,13.16,0.00,0.29,203.49,Yes,6.806,206500dc-ba9e-4a58-be62-bb3f830ec1f3,16-09-2026
06 – 12 Sep,247945055140481,09-09-2026 23:07,delivered,,cash,420.00,0.00,0.00,0.00,420.00,21.00,420.00,21.00,No,10.50,10.50,441.00,99.23,6.62,124.91,0.00,21.00,19.06,0.00,0.42,294.69,Yes,4.682,206500dc-ba9e-4a58-be62-bb3f830ec1f3,16-09-2026
06 – 12 Sep,247945095176307,09-09-2026 23:08,delivered,,prepaid,330.00,0.00,0.00,0.00,330.00,16.50,330.00,16.50,No,8.25,8.25,346.50,77.96,5.20,98.12,0.00,16.50,14.96,0.00,0.33,231.53,Yes,0.733,711fc754-4304-4178-a84a-19e7d53c8509,16-09-2026
06 – 12 Sep,247997913109719,10-09-2026 13:48,delivered,,prepaid,670.00,0.00,0.00,0.00,670.00,33.50,670.00,33.50,No,16.75,16.75,703.50,158.29,10.55,199.24,0.00,33.50,30.40,0.00,0.67,470.11,Yes,3.662,"14417c4c-a545-4976-9af0-174bbdb12907,206500dc-ba9e-4a58-be62-bb3f830ec1f3",16-09-2026
06 – 12 Sep,248029348134272,10-09-2026 22:32,delivered,,prepaid,290.00,0.00,0.00,0.00,290.00,14.50,290.00,14.50,No,7.25,7.25,304.50,68.51,4.57,86.24,0.00,14.50,13.16,0.00,0.29,203.49,Yes,6.906,206500dc-ba9e-4a58-be62-bb3f830ec1f3,16-09-2026
06 – 12 Sep,248080105198671,11-09-2026 12:38,delivered,,prepaid,300.00,0.00,0.00,0.00,300.00,15.00,300.00,15.00,No,7.50,7.50,315.00,70.88,4.73,89.21,0.00,15.00,13.60,0.00,0.30,210.47,Yes,3.730,206500dc-ba9e-4a58-be62-bb3f830ec1f3,16-09-2026
06 – 12 Sep,248111600195668,11-09-2026 21:23,delivered,,prepaid,1005.00,0.00,0.00,0.00,1005.00,50.26,1005.00,50.25,No,25.12,25.13,1055.26,237.43,15.83,298.84,0.00,50.25,45.58,0.00,1.01,705.14,Yes,5.836,"dbb3a869-5fb4-408f-89b0-ed945bb62bf1,206500dc-ba9e-4a58-be62-bb3f830ec1f3",16-09-2026
06 – 12 Sep,248161583180423,12-09-2026 11:16,delivered,,prepaid,330.00,0.00,0.00,0.00,330.00,16.50,330.00,16.50,No,8.25,8.25,346.50,77.96,5.20,98.12,0.00,16.50,14.96,0.00,0.33,231.53,Yes,6.706,206500dc-ba9e-4a58-be62-bb3f830ec1f3,16-09-2026
06 – 12 Sep,248178577151994,12-09-2026 15:59,delivered,,prepaid,340.00,0.00,0.00,0.00,340.00,17.00,340.00,17.00,No,8.50,8.50,357.00,80.33,5.36,101.11,0.00,17.00,15.42,0.00,0.34,238.55,Yes,1.570,206500dc-ba9e-4a58-be62-bb3f830ec1f3,16-09-2026
06 – 12 Sep,248187493194729,12-09-2026 18:28,delivered,,prepaid,545.00,0.00,0.00,0.00,545.00,27.26,545.00,27.25,No,13.62,13.63,572.26,128.75,8.58,162.05,0.00,27.25,24.72,0.00,0.55,382.41,Yes,5.409,206500dc-ba9e-4a58-be62-bb3f830ec1f3,16-09-2026
06 – 12 Sep,248190530168896,12-09-2026 19:18,delivered,,prepaid,610.00,0.00,0.00,0.00,610.00,30.50,610.00,30.50,No,15.25,15.25,640.50,144.11,9.61,181.38,0.00,30.50,27.66,0.00,0.61,427.99,No,1.269,,16-09-2026
06 – 12 Sep,248197960190176,12-09-2026 21:22,delivered,,prepaid,300.00,0.00,0.00,0.00,300.00,15.00,300.00,15.00,No,7.50,7.50,315.00,70.88,4.73,89.21,0.00,15.00,13.60,0.00,0.30,210.47,Yes,1.898,206500dc-ba9e-4a58-be62-bb3f830ec1f3,16-09-2026
13 – 19 Sep,248255741182869,13-09-2026 13:25,delivered,,prepaid,357.14,0.00,0.00,0.00,357.14,17.86,357.14,17.86,No,8.93,8.93,375.00,84.38,5.63,106.21,0.00,17.86,16.20,0.00,0.36,250.57,Yes,2.290,206500dc-ba9e-4a58-be62-bb3f830ec1f3,23-09-2026
13 – 19 Sep,248277489137209,13-09-2026 19:28,delivered,,prepaid,300.00,0.00,0.00,0.00,300.00,15.00,300.00,15.00,No,7.50,7.50,315.00,70.88,4.73,89.21,0.00,15.00,13.60,0.00,0.30,210.47,Yes,0.928,711fc754-4304-4178-a84a-19e7d53c8509,23-09-2026
13 – 19 Sep,248285785125021,13-09-2026 21:46,delivered,,prepaid,255.00,0.00,0.00,0.00,255.00,12.76,255.00,12.75,No,6.38,6.37,267.76,60.25,4.02,75.83,0.00,12.75,11.56,0.00,0.26,178.90,No,2.718,,23-09-2026
13 – 19 Sep,248374964142426,14-09-2026 22:32,delivered,,prepaid,330.00,0.00,0.00,0.00,330.00,16.50,330.00,16.50,No,8.25,8.25,346.50,77.96,5.20,98.12,0.00,16.50,14.96,0.00,0.33,231.53,Yes,4.990,206500dc-ba9e-4a58-be62-bb3f830ec1f3,23-09-2026
13 – 19 Sep,248375315143844,14-09-2026 22:38,cancelled,SWIGGY,prepaid,255.00,0.00,0.00,0.00,255.00,12.76,255.00,12.75,No,6.38,6.37,267.76,60.25,4.02,75.83,0.00,12.75,11.56,0.00,0.26,178.91,Yes,5.050,206500dc-ba9e-4a58-be62-bb3f830ec1f3,23-09-2026
13 – 19 Sep,248533160152104,16-09-2026 18:29,delivered,,prepaid,825.00,0.00,0.00,0.00,825.00,41.26,825.00,41.25,No,20.62,20.63,866.26,194.90,12.99,245.31,0.00,41.25,37.42,0.00,0.83,578.86,Yes,2.176,206500dc-ba9e-4a58-be62-bb3f830ec1f3,23-09-2026
13 – 19 Sep,248538278162858,16-09-2026 19:54,delivered,,prepaid,1100.00,0.00,0.00,0.00,1100.00,55.00,1100.00,55.00,No,27.50,27.50,1155.00,259.88,17.33,327.11,0.00,55.00,49.90,0.00,1.10,771.79,No,3.427,,23-09-2026
13 – 19 Sep,248538741126866,16-09-2026 20:02,delivered,,prepaid,920.00,0.00,0.00,0.00,920.00,46.00,920.00,46.00,No,23.00,23.00,966.00,217.35,14.49,273.58,0.00,46.00,41.74,0.00,0.92,645.52,Yes,3.784,206500dc-ba9e-4a58-be62-bb3f830ec1f3,23-09-2026
13 – 19 Sep,248619427108229,17-09-2026 18:27,delivered,,prepaid,620.00,0.00,0.00,0.00,620.00,31.00,620.00,31.00,No,15.50,15.50,651.00,146.48,9.77,184.37,0.00,31.00,28.12,0.00,0.62,435.00,Yes,1.605,206500dc-ba9e-4a58-be62-bb3f830ec1f3,23-09-2026
13 – 19 Sep,248624481174640,17-09-2026 19:51,delivered,,prepaid,675.00,0.00,0.00,0.00,675.00,33.76,675.00,33.75,No,16.88,16.87,708.76,159.47,10.63,200.72,0.00,33.75,30.62,0.00,0.68,473.61,Yes,3.586,711fc754-4304-4178-a84a-19e7d53c8509,23-09-2026
13 – 19 Sep,248720968199579,18-09-2026 22:39,cancelled,MERCHANT,cash,0.00,0.00,0.00,0.00,0.00,0.00,0.00,0.00,No,0.00,0.00,0.00,0.00,0.00,49.56,0.00,0.00,7.56,0.00,0.00,-49.56,Yes,2.814,"711fc754-4304-4178-a84a-19e7d53c8509,17a00ee9-ba37-4eef-b1b0-7a8cbce5dc82",23-09-2026
13 – 19 Sep,248724159159116,18-09-2026 23:32,delivered,,prepaid,330.00,0.00,0.00,0.00,330.00,16.50,330.00,16.50,No,8.25,8.25,346.50,77.96,5.20,98.12,0.00,16.50,14.96,0.00,0.33,231.53,Yes,3.032,206500dc-ba9e-4a58-be62-bb3f830ec1f3,23-09-2026
13 – 19 Sep,248776179193539,19-09-2026 13:59,delivered,,prepaid,660.00,0.00,0.00,0.00,660.00,33.00,660.00,33.00,No,16.50,16.50,693.00,155.93,10.40,196.27,0.00,33.00,29.94,0.00,0.66,463.07,Yes,3.025,206500dc-ba9e-4a58-be62-bb3f830ec1f3,23-09-2026
13 – 19 Sep,248780545123593,19-09-2026 15:12,delivered,,prepaid,545.00,0.00,0.00,0.00,545.00,27.26,545.00,27.25,No,13.62,13.63,572.26,128.75,8.58,162.05,0.00,27.25,24.72,0.00,0.55,382.41,Yes,1.129,206500dc-ba9e-4a58-be62-bb3f830ec1f3,23-09-2026
13 – 19 Sep,248802835164086,19-09-2026 21:23,delivered,,prepaid,330.00,0.00,0.00,0.00,330.00,16.50,330.00,16.50,No,8.25,8.25,346.50,77.96,5.20,98.12,0.00,16.50,14.96,0.00,0.33,231.53,Yes,1.884,206500dc-ba9e-4a58-be62-bb3f830ec1f3,23-09-2026
13 – 19 Sep,248805456157508,19-09-2026 22:07,delivered,,prepaid,620.00,0.00,0.00,0.00,620.00,31.00,620.00,31.00,No,15.50,15.50,651.00,146.48,9.77,184.37,0.00,31.00,28.12,0.00,0.62,435.00,Yes,0.919,711fc754-4304-4178-a84a-19e7d53c8509,23-09-2026
13 – 19 Sep,248809212113962,19-09-2026 23:10,delivered,,prepaid,580.00,0.00,0.00,0.00,580.00,29.00,580.00,29.00,No,14.50,14.50,609.00,137.03,9.14,172.49,0.00,29.00,26.32,0.00,0.58,406.95,Yes,4.990,206500dc-ba9e-4a58-be62-bb3f830ec1f3,23-09-2026
20 – 26 Sep,248896061169799,20-09-2026 23:17,delivered,,prepaid,290.00,0.00,0.00,0.00,290.00,14.50,290.00,14.50,No,7.25,7.25,304.50,68.51,4.57,86.24,0.00,14.50,13.16,0.00,0.29,203.49,Yes,4.336,206500dc-ba9e-4a58-be62-bb3f830ec1f3,01-10-2026
20 – 26 Sep,248950841134592,21-09-2026 14:30,delivered,,cash,620.00,0.00,0.00,0.00,620.00,31.00,620.00,31.00,No,15.50,15.50,651.00,146.48,9.77,184.37,0.00,31.00,28.12,0.00,0.62,435.00,No,6.225,32c3bfad-9acf-4098-b74c-1363dffc9cfd,01-10-2026
20 – 26 Sep,248967728138197,21-09-2026 19:12,delivered,,cash,255.00,0.00,0.00,0.00,255.00,12.76,255.00,12.75,No,6.38,6.37,267.76,60.25,4.02,75.83,0.00,12.75,11.56,0.00,0.26,178.90,Yes,3.622,206500dc-ba9e-4a58-be62-bb3f830ec1f3,01-10-2026
20 – 26 Sep,248980723174481,21-09-2026 22:48,delivered,,cash,560.00,0.00,0.00,0.00,560.00,28.00,560.00,28.00,No,14.00,14.00,588.00,132.30,8.82,166.52,0.00,28.00,25.40,0.00,0.56,392.92,Yes,3.271,206500dc-ba9e-4a58-be62-bb3f830ec1f3,01-10-2026
20 – 26 Sep,249207688133751,24-09-2026 13:51,delivered,,prepaid,290.00,0.00,0.00,0.00,290.00,14.50,290.00,14.50,No,7.25,7.25,304.50,68.51,4.57,86.24,0.00,14.50,13.16,0.00,0.29,203.49,No,2.163,,01-10-2026
20 – 26 Sep,249221271120642,24-09-2026 17:37,delivered,,cash,595.00,0.00,0.00,0.00,595.00,29.76,595.00,29.75,No,14.88,14.87,624.76,140.57,9.37,176.92,0.00,29.75,26.98,0.00,0.59,417.47,Yes,4.123,206500dc-ba9e-4a58-be62-bb3f830ec1f3,01-10-2026
20 – 26 Sep,249224015143912,24-09-2026 18:23,delivered,,prepaid,585.00,0.00,0.00,0.00,585.00,29.26,585.00,29.25,No,14.62,14.63,614.26,138.20,9.21,173.95,0.00,29.25,26.54,0.00,0.58,410.48,Yes,5.396,206500dc-ba9e-4a58-be62-bb3f830ec1f3,01-10-2026
20 – 26 Sep,249229697195792,24-09-2026 19:58,delivered,,cash,1550.00,0.00,0.00,0.00,1550.00,77.50,1550.00,77.50,No,38.75,38.75,1627.50,366.19,24.41,460.90,0.00,77.50,70.30,0.00,1.55,1087.53,Yes,1.442,206500dc-ba9e-4a58-be62-bb3f830ec1f3,01-10-2026
20 – 26 Sep,249412990118476,26-09-2026 22:53,delivered,,cash,300.00,0.00,0.00,0.00,300.00,15.00,300.00,15.00,No,7.50,7.50,315.00,70.88,4.73,89.21,0.00,15.00,13.60,0.00,0.30,210.47,Yes,2.746,206500dc-ba9e-4a58-be62-bb3f830ec1f3,01-10-2026
27 – 30 Sep,249474900177255,27-09-2026 16:05,delivered,,prepaid,555.00,0.00,0.00,0.00,555.00,27.76,555.00,27.75,No,13.88,13.87,582.76,131.12,8.74,165.04,0.00,27.75,25.18,0.00,0.56,389.42,Yes,7.939,206500dc-ba9e-4a58-be62-bb3f830ec1f3,03-10-2026
27 – 30 Sep,249492250176487,27-09-2026 20:54,delivered,,prepaid,300.00,0.00,0.00,0.00,300.00,15.00,300.00,15.00,No,7.50,7.50,315.00,70.88,4.73,89.21,0.00,15.00,13.60,0.00,0.30,210.47,Yes,6.355,206500dc-ba9e-4a58-be62-bb3f830ec1f3,03-10-2026
27 – 30 Sep,249501947108850,27-09-2026 23:35,delivered,,prepaid,630.00,0.00,0.00,0.00,630.00,31.50,630.00,31.50,No,15.75,15.75,661.50,148.84,9.92,187.34,0.00,31.50,28.58,0.00,0.63,442.03,Yes,5.845,2f02db3c-3444-482e-aa26-47a7bdcf8049,03-10-2026
27 – 30 Sep,249561171197372,28-09-2026 16:02,delivered,,cash,300.00,0.00,0.00,0.00,300.00,15.00,300.00,15.00,No,7.50,7.50,315.00,70.88,4.73,89.21,0.00,15.00,13.60,0.00,0.30,210.47,Yes,7.157,206500dc-ba9e-4a58-be62-bb3f830ec1f3,03-10-2026
27 – 30 Sep,249581223133346,28-09-2026 21:37,delivered,,prepaid,255.00,0.00,0.00,0.00,255.00,12.76,255.00,12.75,No,6.38,6.37,267.76,60.25,4.02,75.83,0.00,12.75,11.56,0.00,0.26,178.90,Yes,2.949,206500dc-ba9e-4a58-be62-bb3f830ec1f3,03-10-2026
27 – 30 Sep,249582108162043,28-09-2026 21:51,delivered,,prepaid,300.00,0.00,0.00,0.00,300.00,15.00,300.00,15.00,No,7.50,7.50,315.00,70.88,4.73,89.21,0.00,15.00,13.60,0.00,0.30,210.47,Yes,2.906,206500dc-ba9e-4a58-be62-bb3f830ec1f3,03-10-2026
27 – 30 Sep,249583604161075,28-09-2026 22:16,delivered,,prepaid,330.00,0.00,0.00,0.00,330.00,16.50,330.00,16.50,No,8.25,8.25,346.50,77.96,5.20,98.12,0.00,16.50,14.96,0.00,0.33,231.53,No,6.446,,03-10-2026
27 – 30 Sep,249584979180649,28-09-2026 22:39,delivered,,prepaid,300.00,0.00,0.00,0.00,300.00,15.00,300.00,15.00,No,7.50,7.50,315.00,70.88,4.73,89.21,0.00,15.00,13.60,0.00,0.30,210.47,Yes,2.280,206500dc-ba9e-4a58-be62-bb3f830ec1f3,03-10-2026
27 – 30 Sep,249663970142590,29-09-2026 20:36,delivered,,cash,657.14,0.00,0.00,0.00,657.14,32.86,657.14,32.86,No,16.43,16.43,690.00,155.25,10.35,195.40,0.00,32.86,29.80,0.00,0.66,461.07,No,5.710,31ff46ba-7a24-44e4-ba8e-8c96df1c11e3,03-10-2026
27 – 30 Sep,249670982145940,29-09-2026 22:33,delivered,,prepaid,300.00,0.00,0.00,0.00,300.00,15.00,300.00,15.00,No,7.50,7.50,315.00,70.88,4.73,89.21,0.00,15.00,13.60,0.00,0.30,210.47,Yes,2.782,206500dc-ba9e-4a58-be62-bb3f830ec1f3,03-10-2026
27 – 30 Sep,249674348161454,29-09-2026 23:29,delivered,,prepaid,720.00,0.00,0.00,0.00,720.00,36.00,720.00,36.00,No,18.00,18.00,756.00,170.10,11.34,214.10,0.00,36.00,32.66,0.00,0.72,505.18,Yes,5.409,"206500dc-ba9e-4a58-be62-bb3f830ec1f3,fbf439c2-27a6-4931-b188-c85102d25dcc",03-10-2026
